{"region_1": 0.09508196721311475, "region_10": 0.0787037037037037, "region_11": 0.05627376425855513, "region_12": 0.066, "region_13": 0.08685800604229607, "region_14": 0.07496977025392987, "region_15": 0.07905982905982906, "region_16": 0.0696245733788396, "region_17": 0.13693467336683418, "region_18": 0.03225806451612903, "region_19": 0.06064073226544622, "region_2": 0.08012638742607146, "region_20": 0.05764705882352941, "region_21": 0.043795620437956206, "region_22": 0.11418792781580585, "region_23": 0.11659574468085106, "region_24": 0.03543307086614173, "region_25": 0.12576312576312576, "region_26": 0.06327433628318584, "region_27": 0.07896323086196504, "region_28": 0.11684370257966616, "region_29": 0.043259557344064385, "region_3": 0.1069364161849711, "region_30": 0.0898021308980213, "region_31": 0.056847545219638244, "region_32": 0.042328042328042326, "region_33": 0.03717472118959108, "region_34": 0.0273972602739726, "region_4": 0.1444509688784498, "region_5": 0.04569190600522193, "region_6": 0.0463768115942029, "region_7": 0.10654552963039439, "region_8": 0.08091603053435115, "region_9": 0.01904761904761905}